"","title","gmm$classification"
"1","10 Cloverfield Lane",6
"2","Alice Through the Looking Glass",2
"3","Allied",2
"4","Alvin and the Chipmunks The Road Chip",8
"5","Arrival",2
"6","Assassin's Creed",2
"7","Bad Moms",2
"8","Bad Santa 2",6
"9","Bastille Day",1
"10","Batman v Superman: Dawn of Justice",4
"11","Ben-Hur (2016)",3
"12","Blair Witch",6
"13","Bridget Jones's Baby",4
"14","Brooklyn",1
"15","Cafe Society",6
"16","Captain America: Civil War",7
"17","Captain Fantastic",1
"18","Capture the Flag (Atrapa la bandera)",1
"19","Carol",6
"20","Central Intelligence",2
"21","Collateral Beauty",6
"22","Concussion (2015)",1
"23","Creed",3
"24","Criminal (2016)",6
"25","Daddy's Home",3
"26","Deadpool",4
"27","Deepwater Horizon",3
"28","Dirty Grandpa",8
"29","Doctor Strange",7
"30","Don't Breathe",3
"31","Eddie the Eagle",6
"32","Elle",1
"33","En man som heter Ove",6
"34","Eye in the Sky",1
"35","Fantastic Beasts and Where To Find Them",5
"36","Fifty Shades of Black",6
"37","Finding Dory",4
"38","Florence Foster Jenkins",6
"39","Ghostbusters (2016)",3
"40","Gods of Egypt",2
"41","Goosebumps",6
"42","Hacksaw Ridge",2
"43","Hail, Caesar!",6
"44","Hardcore Henry",1
"45","Hell or High Water",1
"46","How to Be Single",2
"47","I, Daniel Blake",1
"48","Ice Age: Collision Course",4
"49","Independence Day: Resurgence",2
"50","Inferno",8
"51","Jack Reacher: Never Go Back",3
"52","Jason Bourne",2
"53","Joy",3
"54","Julieta",6
"55","Kubo and the Two Strings",6
"56","Kung Fu Panda 3",8
"57","La La Land",3
"58","Les Visiteurs 3: la Terreur (The Visitors: Bastille Day)",6
"59","Lights Out",3
"60","London Has Fallen",2
"61","Masterminds (2016)",6
"62","Me Before You",2
"63","Mechanic: Resurrection",2
"64","Mike and Dave Need Wedding Dates",3
"65","Miss Peregrine's Home for Peculiar Children",2
"66","Moana",7
"67","Money Monster",3
"68","Mother's Day",6
"69","My Big Fat Greek Wedding 2",6
"70","Neighbors 2: Sorority Rising",2
"71","Nerve",3
"72","Nine Lives (2016)",6
"73","Nocturnal Animals",6
"74","Norm of the North",3
"75","Now You See Me 2",8
"76","Office Christmas Party",2
"77","Ouija: Origin of Evil",6
"78","Passengers (2016)",2
"79","Pete's Dragon",3
"80","Point Break (2015)",3
"81","Ratchet & Clank",1
"82","Ride Along 2",3
"83","Risen",1
"84","Robinson Crusoe (2016)",3
"85","Rogue One: A Star Wars Story",4
"86","Room",6
"87","Sausage Party",3
"88","Sheep & Wolves (Volki i ovtsy. Beeezumnoe prevrashchenie)",6
"89","Sing",4
"90","Sisters",6
"91","Snowden",6
"92","Spotlight",3
"93","Star Trek Beyond",2
"94","Storks",2
"95","Suicide Squad",5
"96","Sully",2
"97","Teenage Mutant Ninja Turtles: Out of the Shadows",3
"98","The 5th Wave",3
"99","The Accountant",3
"100","The Angry Birds Movie",8
"101","The BFG",2
"102","The Big Short",3
"103","The Boss",6
"104","The Boy (2016)",6
"105","The Brothers Grimsby",3
"106","The Choice",1
"107","The Conjuring 2",2
"108","The Danish Girl",3
"109","The Divergent Series: Allegiant",2
"110","The Finest Hours",6
"111","The Forest",6
"112","The Girl on the Train (2016)",2
"113","The Hateful Eight",2
"114","The Huntsman Winter's War",2
"115","The Infiltrator",1
"116","The Jungle Book (2016)",7
"117","The Legend of Tarzan",2
"118","The Light Between Oceans",1
"119","The Magnificent Seven (2016)",3
"120","The Nice Guys",3
"121","The Purge: Election Year",6
"122","The Revenant",4
"123","The Secret Life of Pets",4
"124","The Shallows",3
"125","Tini: El gran cambio de Violetta",6
"126","Toni Erdmann",1
"127","Triple 9",1
"128","Trolls",8
"129","Underworld: Blood Wars",3
"130","War Dogs",2
"131","Warcraft",8
"132","Why Him?",2
"133","X-Men: Apocalypse",2
"134","Zoolander 2",6
"135","Zootopia",4
