"","title","gross.title"
"1","#Sohavégetnemérös",116870
"2","#WszystkoGra",6990
"3","03.ByPass",1783
"4","1 Kezban 1 Mahmut: Adana Yollarinda",295684
"5","10 Cloverfield Lane",14874909
"6","100 metros",1980192
"7","100 Streets",309
"8","11 Minutes",6143
"9","12 kedziu (12 Chairs)",347915
"10","13 Hours: The Secret Soldiers of Benghazi",2896301
"11","13th",566
"12","1898, The Last Ones of the Philippines",1986252
"13","1920 London",16077
"14","1944",38753
"15","2 Countries",74236
"16","2 Nights Till Morning (2 yötä aamuun)",40130
"17","24",183873
"18","25 Kille",7106
"19","28 Days Later (2016 Secret Cinema)",1941549
"20","30 svidaniy (30 Dates)",48860
"21","31st October",6940
"22","400 Days",58
"23","45 Years",829706
"24","5 Dakkada Degisir Bütün Isler",31704
"25","5 Flights Up (Ruth & Alex)",35148
"26","600 Millas (600 Miles)",21812
"27","7 minuti",593966
"28","8 luchshikh svidaniy (8 Best Dates)",1350052
"29","91.1",2081
"30","99 Homes",14193
"31","A Beautiful Planet",4388
"32","A Bigger Splash",3704701
"33","A Blast",270
"34","A Canção de Lisboa",1055809
"35","A Conspiracy of Faith (Flaskepost fra P)",428357
"36","A Date for Mad Mary",59695
"37","A Dragon Arrives!",4605
"38","A Flickering Truth",734
"39","A Flying Jatt",69043
"40","À fond",6537106
"41","A Good American",5457
"42","A Hologram for the King",2551353
"43","À jamais (Never Ever)",77659
"44","A Kid (Le fils de Jean)",2660472
"45","A Mãe é que Sabe",55848
"46","A Monster Calls",29710507
"47","A Monster with a Thousand Heads",1047
"48","A Perfect Day",256806
"49","A Poem Is a Naked Person (2015 re-issue)",183
"50","A Quiet Passion",336723
"51","A Real Vermeer (Een echte Vermeer)",92684
"52","A Royal Night Out",310782
"53","A Season of Daphne (Defne'nin Bir Mevsimi)",2899
"54","A Street Cat Named Bob",6841828
"55","A Tale of Love and Darkness",2973
"56","A toca do lobo (The Wolf's Lair)",8597
"57","A Trip to Jamaica",9833
"58","A United Kingdom",3006319
"59","A Vingança de Uma Mulher",3361
"60","A Walk in the Woods",179235
"61","Aanandam",4131
"62","Aandavan Kattalai",2476
"63","Aatishbaazi Ishq",705
"64","Abattoir",24305
"65","Abbas'in Melekleri",4234
"66","About Ray",360447
"67","Above and Below",1189
"68","Absolutely Anything",2492
"69","Absolutely Fabulous: The Movie",21877804
"70","Acantilado",96169
"71","Achcham Yenbadhu Madamaiyada",38205
"72","Achter de wolken",982277
"73","Action Hero Biju",24233
"74","Actor in Law",45960
"75","Adam Misin!",287328
"76","Adi Kapyare Kootamani",5818
"77","Adim Adim",10035
"78","Adios Amigos",94509
"79","Adopte un veuf",8157195
"80","Adult Life Skills",75190
"81","Ae Dil Hai Mushkil",1855792
"82","Afacerea Est (Eastern Business)",17994
"83","After the Storm",139214
"84","Against the Sun",52
"85","Agava",54251
"86","Agent F.O.X.",27404
"87","Ahora O Nunca",2824
"88","Airlift",240267
"89","Akenfield (2016 re-release)",3847
"90","Al final del túnel",770248
"91","Al posto tuo",1215311
"92","Alamet-i Kiyamet: Tarikat",454374
"93","Albert",37430
"94","Albüm",12261
"95","Alcaldessa",12799
"96","Aleksandr Nevskiy (2016 re-issue)",2226
"97","Alemde 1 Gece",6716
"98","Ali Kundilli 2",1133086
"99","Alice Through the Looking Glass",55465041
"100","All Cats are Grey (Tous les chats sont gris)",41340
"101","All Roads Lead to Rome",374752
"102","All the Beauty (Alt det vakre)",7519
"103","Allied",25925525
"104","Almost Christmas",145516
"105","Almost Holy",2815
"106","Alone in Berlin",442011
"107","Aloys",523
"108","Altamira",1341205
"109","Alvin and the Chipmunks The Road Chip",63236358
"110","Amanda Knox",397
"111","Ambarsariya",148157
"112","America Wild: National Parks",2175
"113","American Honey",1019868
"114","American Pastoral",1206804
"115","American Ultra",262131
"116","Amis Publics N°1",4222361
"117","Ammar 2: Cin Istilasi",238902
"118","Amor de mis Amores",2293
"119","An",444417
"120","An Outpost of Progress (Posto-Avançado do Progresso)",5746
"121","And So It Goes",101976
"122","Andel Páne 2",4940457
"123","André Rieu's 2016 Maastricht Concert",1987535
"124","Andrei Rublev (2016 re-release)",21302
"125","Angry Indian Goddesses",278341
"126","Anguish",467
"127","Ani ve snu!",6364
"128","Animal Kingdom: Let’s Go Ape",109781
"129","Ankara Yazi: Veda Mektubu",298646
"130","Annemin Yarasi (My Mother's Wound)",1749704
"131","Anomalisa",844813
"132","Anomalous",8462
"133","Ant-Man",183341
"134","Ant Boy",378
"135","Anthropoid",1983383
"136","Antigang",2693
"137","Ants on a Shrimp",64237
"138","Anuraga Karikkin Vellam",11405
"139","Apnée",91515
"140","Apprentice",52991
"141","Aquarius",680006
"142","Aqui, em Lisboa: Episódios da Vida da Cidade",658
"143","Arabian Nights: Volume 1 - The Restless One",6487
"144","Arabian Nights: Volume 2 - The Desolate One",3358
"145","Arabian Nights: Volume 3 - The Enchanted One",2179
"146","Arama Motoru",5215
"147","Aranmanai 2",23980
"148","Arctic Heart (Le secret des banquises)",57993
"149","Ardaas",103705
"150","Arès",97473
"151","Army of One",16297
"152","Around China with a Movie Camera",1084
"153","Arrête ton cinéma!",5033
"154","Arrêtez-moi là",213835
"155","Arrival",37804154
"156","As I Open My Eyes",19732
"157","As uz Tave pakalbesiu",15289
"158","Asik",6853
"159","Assassin's Creed",41472869
"160","Assolo",1760138
"161","Astérix: Le domaine des dieux",73012
"162","Astral",59048
"163","At Any Price",510
"164","Ates",35620
"165","Atlit",31053
"166","Attacking the Devil: Harold Evans and the Last Nazi War Crime",6481
"167","Au nom de ma fille",1025871
"168","Auf Einmal (All of a Sudden)",8341
"169","Aumingja Ísland",260
"170","Aus dem Nichts",10117
"171","Author: The JT LeRoy Story",10575
"172","Avis de mistral",62677
"173","Avril et le monde truqué (April and the Extraordinary World)",750
"174","Awake: The Life of Yogananda",104427
"175","Axel: The Biggest Little Hero",4501
"176","Axilas",17759
"177","Azazil 2: Büyü",296880
"178","Azem 3: Cin Tohumu",282496
"179","Azem 4: Alacakaranlik",247988
"180","Azhar",85648
"181","B.O.K.; Bi O Kalmisti",7366
"182","Baaghi: A Rebel For Love",151189
"183","Baar Baar Dekho",214961
"184","Baba Mirasi",36149
"185","Babaannem",4864
"186","Babalarin Babasi",114540
"187","Babamin Kanatlari",49241
"188","Babu Bangaram",1132
"189","Babysitting 2 (All Gone South)",86758
"190","Bacalaureat (Graduation)",1612981
"191","Bachaana",7149
"192","Back to Mom's (Retour chez ma mère)",17095055
"193","Back to the Jurassic",61197
"194","Backtrack",74223
"195","Bad Moms",36114721
"196","Bad Santa 2",4338136
"197","Baden Baden",61390
"198","Bajirao Mastani",7305
"199","Ballerina",18128291
"200","Bambukat",54290
"201","Bana Git De",1346
"202","Banat (Il Viaggio)",1074
"203","Bang Gang (A Modern Love Story)",136891
"204","Bangalore Naatkal",7279
"205","Bar Bahr (In Between)",176530
"206","Barbershop: The Next Cut",376909
"207","Barbie: Spy Squad",321509
"208","Barbie: Star Light Adventure",656851
"209","Barneraneren",27930
"210","Barry Lyndon (2016 re-release)",162407
"211","Barter",4279
"212","Baskavígin",7558
"213","Baskin",261860
"214","Bastille Day",5710340
"215","Batman v Superman: Dawn of Justice",145502672
"216","Battle Mountain: Graeme Obree's Story",49853
"217","Battleship Potemkin (2016 re-issue)",3769
"218","Bayram Abi",125553
"219","Beauty and the Bestie",29247
"220","Becoming Zlatan (Den unge Zlatan)",41340
"221","Befikre",340202
"222","Before I Wake",1272820
"223","Before the Flood",988
"224","Before We Go",73971
"225","Belgica",599614
"226","Bella e perduta (Lost and Beautiful)",15550
"227","Belle et Sébastien, l'aventure continue",244593
"228","Belles familles",108305
"229","Belmondo par Belmondo",13148
"230","Beloved Sisters",4465
"231","Ben-Hur",17118411
"232","Benidorm mon amour",15568
"233","Benim Adim Feridun",646617
"234","Berzah: Cin Alemi",88878
"235","bestefreunde",1020
"236","Beyond Sleep",156655
"237","Bezva zenská na krku",2141546
"238","Biagio",485
"239","Bianco di Babbudoiu",72076
"240","Bibi & Tina: Mädchen gegen Jungs",13555914
"241","Bienvenue à Marly-Gomont (The African Doctor)",4131033
"242","Billion Star Hotel",6095
"243","Bir Baba Hindu",2483680
"244","Bir Sey Degilim",513
"245","Birkebeinerne (The Last King)",3592753
"246","Bitva za Sevastopol",49828
"247","Bizans Oyunlari - Geym of Bizans",2346620
"248","Black",79995
"249","Black Mountain Poets",23722
"250","Blackway",226650
"251","Blair Witch",9606658
"252","Blanka",2042
"253","Bleed for This",780242
"254","Bling",215448
"255","Blinky Bill the Movie",404181
"256","Blood Father",2559023
"257","Blue Velvet (2016 re-release)",64780
"258","Bobby",12931
"259","Bobby Sands: 66 Days",219765
"260","Bodom",699531
"261","Bogowie",7336
"262","Boi Neon (Neon Bull)",68534
"263","Bol Sans",43214
"264","Bølgen (The Wave)",366102
"265","Bolshoi Babylon",104845
"266","Bondoc",642
"267","Bone Tomahawk",201913
"268","Boonie Bears, to the Rescue!",357712
"269","Boonie Bears: Mystical Winter",257924
"270","Born in Heinola",1128746
"271","Born to be Blue",53504
"272","Born to Be King",3639
"273","Born to Dance",717
"274","Børning 2",5416898
"275","Boulevard",74217
"276","Bound to Vengeance",28338
"277","Bounty Hunters",3391
"278","Boyz n the Hood (2016 re-release)",25001
"279","Brahmotsavam",541
"280","Braqueurs",3209676
"281","Brasserie Valentijn",776636
"282","Bratrícek Karel",6629
"283","Breakdown",713
"284","Breaking the Bank",4947
"285","Brice 3",14031413
"286","Bridget Jones's Baby",124851899
"287","Broer (Brother) [2016]",508647
"288","Brooklyn",5010103
"289","Brooks, Meadows and Lovely Faces",42913
"290","Brotherhood",4613846
"291","Brothers",1160
"292","Brothers of the Wind",3014904
"293","Brown Willy",3565
"294","Bruja, más que bruja (2016 re-release)",9681
"295","Burg Schreckenstein",780412
"296","Burn Burn Burn",19991
"297","By the Sea",46272
"298","C'est quoi cette famille?! (We are Family)",5813070
"299","Cabin Fever",9586
"300","Cafe Society",20650255
"301","Çagrilan",116692
"302","Caini (Dogs)",81263
"303","Çakallarla Dans 4",4079979
"304","Califórnia",370
"305","Call of Heroes",6945
"306","Campamento del terror (Summer Camp)",49752
"307","Camping 3",24224579
"308","Canim kardesim benim",245293
"309","Cantinflas",31830
"310","Caprice",4081
"311","Captain America: Civil War",148974158
"312","Captain Fantastic",7229731
"313","Capture Kill Release",72
"314","Capture the Flag (Atrapa la bandera)",3493097
"315","Carmina y amén",115415
"316","Carol",7783770
"317","Cartas da Guerra (Letters from War)",116012
"318","Castle in the Sky (2016 re-release)",10488
"319","Cave",340858
"320","Ceberrut",38444
"321","Cell",493221
"322","Celui qu'on attendait (Lost in Armenia)",55736
"323","Cemetery of Splendor",19170
"324","Central Intelligence",37936032
"325","Cerca de tu casa",73021
"326","Certain Women",5110
"327","Cézanne et moi (Cezanne and I)",3330846
"328","Chaar Sahibzaade 2",343403
"329","Channo Kamli Yaar Di",31217
"330","Charlie",46083
"331","Che vuoi che sia",1728588
"332","Chennai 600028 II: Second Innings",22549
"333","Chevalier",25833
"334","Chi-Raq",66667
"335","Chic!",1446
"336","ChickLit",19180
"337","Child Eater",4422
"338","Chloe & Theo",490
"339","Chocolat",13257582
"340","Chouf",1865664
"341","Chronic",44847
"342","Chungul",8650
"343","Chuva de Julho (July Rain) [2016 re-release]",1461
"344","Chuvak",30302
"345","Cien años de perdón",7491767
"346","Cigarettes et chocolat chaud",956142
"347","Cinema, mon amour",704
"348","Cinni: Uyanis",279308
"349","Cinzento e Negro",7274
"350","Close Encounters of the Third Kind - Director's Cut (2016 re-release)",9352
"351","Closet Monster",194
"352","Çok Uzak Fazla Yakin",305969
"353","Cold War 2",14209
"354","Collateral Beauty",12862560
"355","Collide",490103
"356","Colonia",3309599
"357","Com Um Pouco de Fé",137
"358","Come diventare grandi nonostante i genitori",2038275
"359","Come Saltano I Pesci",105570
"360","Coming Home",279897
"361","Concussion",5408352
"362","Conducta",22823
"363","Connasse, princesse des coeurs",1531
"364","Conni & Co.",2657165
"365","Cop Mortem",36384
"366","Cordero de Dios (a.k.a. Agnus Dei)",116744
"367","Cosmos",2058
"368","Couple in a Hole",40256
"369","Court",15343
"370","Crash & Burn",16932
"371","Crazy About Tiffany's",851
"372","Creature Designers - The Frankenstein Complex",314
"373","Creed",25215603
"374","Creepy (Kurîpî: Itsuwari no rinjin)",3439
"375","Criminal",4021428
"376","Criminal Activities",69489
"377","Cuerpo de élite (Heroes Wanted)",7179946
"378","D'Ardennen (The Ardennes)",4871
"379","D'une famille à l'autre (Don't Call Me Son)",53861
"380","Dad's Army",12311416
"381","Dadas",13200
"382","Daddy's Home",8810606
"383","Dag 2",9952325
"384","Dangal",2916025
"385","Danny",8158
"386","Danny Collins",84657
"387","Dans les forêts de Sibérie",1825318
"388","Dare to be Wild (Jardins Selvagens)",30976
"389","Dark Horse",3346
"390","Dark Places",892
"391","Darra",2529
"392","Darvinte Parinamam",2239
"393","Das grobe Museum",1258
"394","Das Leben ist keine Generalprobe",68248
"395","Das Tagebuch der Anne Frank",2999897
"396","Das Wetter in geschlossenen Räumen",25844
"397","David Bowie Is",46846
"398","David Brent: Life on the Road",4525746
"399","De Boskampi's",14412
"400","De Club van Sinterklaas & Geblaf op de Pakjesboot",1262972
"401","De Held",112917
"402","De Helleveeg (The Fury)",286005
"403","De Kinderen van juf Kiet",360197
"404","De Palma",2808
"405","De Zevende Hemel",1683160
"406","Deadpool",164764203
"407","Dear Zindagi",482565
"408","Death in Sarajevo",7834
"409","Débarquement immédiat! (Last Call for Nowhere)",2922867
"410","Decibely lásky",812172
"411","Deckname Holec",7393
"412","Deda",41897
"413","Dedemin Fisi",8573963
"414","Deepwater Horizon",16069998
"415","Degistir Bakalim",3416
"416","Dégradé",100383
"417","Delibal",84192
"418","Deliormanli",546823
"419","Demain",1207819
"420","Demain tout commence",22580517
"421","Democracy - Im Rausch der Daten",3393
"422","Demolition",1529740
"423","Den' vyborov 2",247151
"424","Den allvarsamma leken (A Serious Game)",7372
"425","Den magiske juleæske (Get Santa)",856607
"426","Denial",107415
"427","Departure",26448
"428","Der geilste Tag",15426514
"429","Der Kleine König Macius - Der Film",9274
"430","Der kleine Rabe Socke (Raven the Little Rascal)",1310
"431","Der kleine Ritter Trenk",74862
"432","Der Nanny",9099
"433","Der Staat gegen Fritz Bauer",835001
"434","Der zornige Buddha (Angry Buddha)",3144
"435","Dersu Uzala (2016 re-release)",14480
"436","Des nouvelles de la planète Mars (News from Planet Mars)",23173
"437","Desert Dancer",2873
"438","Desi Munde",2879
"439","Desierto",718361
"440","Despite the Falling Snow",68436
"441","Detective Chinatown (Tang ren jie tan an)",8425
"442","Devil's Bride (Tulen morsian)",235759
"443","Dharam Yudh Morcha",11462
"444","Dheepan",241732
"445","Dhilluku Dhuddu",4963
"446","Dhulla Bhatti",7876
"447","Diamant noir (Dark Inclusion)",355280
"448","Diamond Island",81613
"449","Die abhandene Welt",73357
"450","Die dunkle Seite des Mondes",82658
"451","Die Krone von Arkus",335
"452","Die Vampirschwestern 3",2443825
"453","Die Vermessung der Welt (Measuring the World)",5209
"454","Die wilden Kerle 6 - Die Legende lebt",3963295
"455","Dieumerci!",672079
"456","Difret",491
"457","Diggers",11056
"458","Dilwale",233648
"459","Dincolo de calea ferata (By the Rails)",8645
"460","Dirty Dancing (Secret Cinema)",2490700
"461","Dirty Grandpa",35098772
"462","Dishoom",374661
"463","Disorder (Maryland)",115098
"464","Divines",2297612
"465","Diving Into the Unknown (Takaisin pintaan)",144130
"466","Dobara Phir Se",16818
"467","Doctor Strange",99436052
"468","Dofus - Livre 1: Julith",13804
"469","Dog Eat Dog",2430
"470","Doktor Proktors tidsbadekar (Doctor Proctor Bubble In The Bathtub)",3499
"471","Don't Breathe",22795477
"472","Don't Grow Up",3764
"473","Don Gato: el inicio de la pandilla (Top Cat Begins)",546901
"474","Dönerse Senindir",1686639
"475","Donnie Darko: 15th Anniversary Reissue",4063
"476","Donnie Darko: The Director's Cut (2016 re-release)",1215
"477","Dope",71910
"478","Douã lozuri",593418
"479","Dough",77975
"480","Dragon Ball Z: Resurrection 'F'",301096
"481","Dragon Blade",964191
"482","Dream (Rüya)",19707
"483","Dreams Rewired",3783
"484","Dublu",2218
"485","Due Superpiedi Quasi Piatti",33642
"486","Dukhtar",12452
"487","Dünyanin En Güzel Kokusu",892783
"488","Dürrenmatt: Eine Liebesgeschichte",13901
"489","Dvojníci",514331
"490","Dyadya Vanya (2016 re-release)",1950
"491","Dyrene i Hakkebakkeskogen",4605211
"492","Eat That Question: Frank Zappa in His Own Words",10466
"493","Eddie the Eagle",15796497
"494","Efterskalv (The Here After)",65294
"495","Egon Schiele: Death and the Maiden",52664
"496","Eiga Doraemon Nobita no Space Heroes",1295875
"497","Eiga Doraemon: Shin Nobita no Nippon tanjou",121173
"498","Ein Atem (One Breath)",42322
"499","Eiourinn",568619
"500","Eisenstein in Guanajuato",17415
"501","Ekipazh (The Crew)",95766
"502","Ekk Albela",1915
"503","Eksi Elmalar",3861599
"504","El Americano: The Movie",37566
"505","El Bosco. El jardín de los sueños",239490
"506","El botón de nácar (The Pearl Button)",33471
"507","El cadáver de Anna Fritz (The Corpse of Anna Fritz)",8840
"508","El ciudadano ilustre",870713
"509","El Clan",697355
"510","El clásico",51540
"511","El Club",35261
"512","El Degmemis Ask",1096103
"513","El desconocido (Retribution)",558
"514","El destierro",5402
"515","El elegido (The Chosen)",229311
"516","El espejo de los otros",16431
"517","El faro de las orcas",378004
"518","El futuro no es lo que era",250327
"519","El hombre de las mil caras",2732558
"520","El Incendio (The Fire)",259
"521","El Olivo (The Olive Tree)",1936597
"522","El país del miedo",3976
"523","El pregón",2190829
"524","El rei borni",45572
"525","El Sur (2016 re-release)",11959
"526","El tiempo de los monstruos (Age Of Monster)",11739
"527","Elephant Song",51835
"528","Elle",6303566
"529","Elser",99437
"530","Elvis & Nixon",651020
"531","Emanet",51950
"532","Embarazados",1331227
"533","Embrace of the Serpent",221174
"534","Emicem Hospital",29454
"535","En chance til (A Second Chance)",7760
"536","En mai, fais ce qu'il te plaît",202244
"537","En man som heter Ove",2358975
"538","Enakku Innoru Per Irukku",7825
"539","Enas Allos Kosmos (Worlds Apart)",13211
"540","Enclave (Enklava)",1985
"541","Encore heureux",2434473
"542","Entre amis",136024
"543","Éperdument (Down by Love)",27493
"544","Eput",431671
"545","Equals",501181
"546","Equity",31711
"547","Er ist wieder da (Look Who's Back)",386287
"548","Ernelláék Farkaséknál",124837
"549","Esa sensación",2310
"550","Escape From Planet Earth",341546
"551","Escobar: Paradise Lost",1208035
"552","España dividida: La Guerra Civil en color",7727
"553","Espectro",1546
"554","Estive em Lisboa e Lembrei de Você",1249
"555","Et ta soeur (Half Sister, Full Love)",818865
"556","Eternity",755434
"557","Ethel & Ernest",111385
"558","Eva no duerme (Eva Doesn't Sleep)",2356
"559","Every Thing Will Be Fine",11345
"560","Everybody Wants Some!!",1092506
"561","Évolution",30480
"562","Experimenter",16711
"563","Exposed",14492
"564","Express Raja",5145
"565","Extraction",94619
"566","Eye in the Sky",9058085
"567","Fack ju Göhte 2",182330
"568","Fai bei sogni (Sweet Dreams)",1712425
"569","Familien Jul i nissernes land (The Christmas Family 2)",102400
"570","Familieweekend",887242
"571","Family Business",1703
"572","Family Film (Rodinny film)",112926
"573","Family Relics",1721
"574","Fan",1169768
"575","Fantastic Beasts and Where To Find Them",196027621
"576","Fasandræberne (The Absent One)",578
"577","Fathers and Daughters",212659
"578","Fatima",138626
"579","Feast of Varanasi",14282
"580","Fellini's 8 1/2 (2016 re-release)",8245
"581","Fifty Shades of Black",3171624
"582","Finding Dory",185569685
"583","Finding Mr. Right 2",64750
"584","Fiore",204185
"585","Fissa",819142
"586","Fitoor",191993
"587","Five",5527165
"588","Florence Foster Jenkins",12904675
"589","Floride",9534
"590","Flowers of Evil (Pahan kukat)",181686
"591","Footprints el camino de la vida",137707
"592","Force 2",97665
"593","Forever Young",1771103
"594","Foxfire",2921
"595","Frágil Equilibrio",78135
"596","Francis: Pray for Me (Francisco - El Padre Jorge)",242719
"597","Francofonia (Le Louvre sous l'Occupation)",170574
"598","Frantz",5547307
"599","Fräulein - una fiaba d'inverno",27273
"600","Freaky Ali",21981
"601","Free State of Jones",1958608
"602","Freeheld",461396
"603","Friend Request (Unfriend) [2016]",6416414
"604","Fritz Lang",16538
"605","From Vegas to Macau 3 (Du cheng feng yun III)",46066
"606","Fuga da Reuma Park",3130495
"607","Full of Grace",34830
"608","Fuocoammare (Fire at Sea)",983788
"609","Fúsi (Virgin Mountain)",404423
"610","Future Baby",3360
"611","Fyrir framan annað fólk",118423
"612","Gajalu",1686
"613","Gangsters Gamblers Geezers",2662
"614","Gary Numan: Android in La La Land",23121
"615","Gautas Iskvietimas",939797
"616","Gautas Iskvietimas 3",758258
"617","Gece Seansi",23114
"618","Gekijô rei (Ghost Theater)",4628
"619","Gelo",4234
"620","Gemma Bovery",102066
"621","Genç pehlivanlar",105
"622","Generation Z (The Rezort)",2309
"623","Genis Aile 2: Her Türlü",607170
"624","Genius",2514753
"625","Gernika (Guernica)",396764
"626","Gespensterjäger - Auf eisiger Spur",11927
"627","Gesto",462
"628","Get Squirrely (Animal Crackerz)",22521
"629","Gethu",373
"630","Ghayal Once Again",85273
"631","Ghostbusters",32612546
"632","Ghosthunters",17580
"633","Gilberts grusomme hevn",645590
"634","Gimme Danger",77937
"635","Girls Lost (Pojkarna)",1232
"636","Gnizdo gorlytsi (The Nest of the Turtledove)",52064
"637","God's Not Dead",97478
"638","God's Not Dead 2",39109
"639","God's Pocket",1225
"640","God Bless Ozzy Osbourne",3272
"641","Gods of Egypt",17813155
"642","Golden Years",104416
"643","Gondolj rám",44379
"644","Good Kids",20125
"645","Good Kill",223939
"646","Good Luck Algeria",1416050
"647","Goodnight Mommy",35451
"648","Goosebumps",23273888
"649","Görümce",5878004
"650","Grand Hotel",386997
"651","Grandes esperanças",387
"652","Gråtass - gøy på landet! (The Little Grey Fergie 1)",901513
"653","Gråtass gir gass",483445
"654","Gray Matters",3239
"655","Great Museum",3022
"656","Green Room",458188
"657","Grimmd",153598
"658","Grotto",64381
"659","Gruffalo si orietenii lui",10888
"660","Grüße aus Fukushima (Greetings From Fukushima)",589491
"661","Guardians of the Night (Nochnye strazhi)",28552
"662","Gueros",15618
"663","Guibord s'en va-t-en guerre (My Internship in Canada)",165801
"664","Guldkysten (Gold Coast)",142641
"665","Gut zu Voegeln",1421923
"666","Hacksaw Ridge",11788753
"667","Hail, Caesar!",21085597
"668","Half Ticket",1135
"669","Halj már meg! (Just Drop Dead)",15040
"670","Hand Gestures (Il gesto delle mani)",512
"671","Hands of Stone",92414
"672","Hannas schlafende Hunde",55072
"673","Happy Bhaag Jayegi",63449
"674","Hardcore Henry",2090280
"675","Hart Beat",1112059
"676","Hartenstrijd",1510128
"677","Hasret Bitti",501
"678","Hasret: Sehnsucht",8665
"679","Hayati Tehlike",20162
"680","Heart of a Dog",23430
"681","Heaven's Gate",192
"682","Heaven Knows What",1326
"683","Heaven on Earth",100660
"684","Heavenly Nomadic (Sutak)",1240
"685","Hedi",107264
"686","Hedi Schneider steckt fest",17841
"687","Heidi",9094118
"688","Helden van de Zee",833722
"689","Hell or High Water",5528249
"690","Hello I Am David!",84460
"691","Hello, My Name is Doris",52547
"692","Henry V (2016 re-release)",15271
"693","Hep Yek",1033257
"694","Her Sey Asktan",1452072
"695","Herbert (A Heavy Heart)",11485
"696","Heritage of Love",434
"697","Hesapta Ask",160958
"698","Hibou",40159
"699","Hide & Seek",2577
"700","High-Rise",3110028
"701","High Strung",1931811
"702","Highway to Hellas",70652
"703","Hilfe, ich hab meine Lehrerin geschrumpft (Help, I Shrunk My Teacher)",16898
"704","Hitchcock/Truffaut",104363
"705","Ho Mann Jahaan",63007
"706","Holding the Man",5206
"707","Holidays",4229
"708","Hördur - Zwischen den Welten",11019
"709","Horse Money",1747
"710","Housefull 3",133010
"711","Houston, We Have a Problem!",95478
"712","How to Be Single",31464555
"713","Howl",95825
"714","Hrútar",250750
"715","Human",67901
"716","Hundreogettåringen som stakk fra regningen og forsvant",994901
"717","Hunt for the Wilderpeople",1114299
"718","Hurok",25295
"719","I'll See You In My Dreams",2831
"720","I Am Belfast",39740
"721","I am Charlie",13603
"722","I Am Nojoom, Age 10 and Divorced",108396
"723","I Am Not a Serial Killer",19133
"724","I am not Salvador",6559
"725","I Am Wrath",60128
"726","I Babysitter",1515576
"727","I Belonged to You",34889
"728","I Saw the Light",114736
"729","I, Daniel Blake",12962179
"730","I, Olga Hepnarová",226645
"731","I.T.",142485
"732","Ice Age: Collision Course",105626659
"733","ID2: Shadwell Army",4764
"734","Idhu Namma Aalu",19873
"735","Idol",302177
"736","Ifrit'in Diyeti: Cinnia",32922
"737","Iftarlik Gazoz",4227648
"738","Igelak",128793
"739","Ikarie XB 1 (2016 re-release)",2130
"740","Ikimize Bir Dunya",3162
"741","Ikimizin Yerine",4434937
"742","Ikinci Sans",2705801
"743","Il nome del figlio",31091
"744","Il sogno di Francesco (L'Ami: François d'Assise et ses frères)",187540
"745","Ilegitim (Illegitimate)",18840
"746","Illet",1747
"747","Ils sont partout",1211744
"748","Im Keller (In the Basement)",3279
"749","Im Labyrinth des Schweigens (Labyrinth of Lies)",425743
"750","Imagine You & Me",17777
"751","Imperium",52246
"752","Imt Smile A Lúcnica - Made In Slovakia",36257
"753","In guerra per amore",3916517
"754","In Pursuit of Silence",12079
"755","In Rahon Se",2277
"756","In the Heart of the Sea",230471
"757","In the Heat of the Night (2016 re-release)",27669
"758","In the Room",77548
"759","In the Same Boat",1914
"760","Incarnate",670997
"761","Inches from the Ground",5004
"762","Incidencias",388290
"763","Independence Day: Resurgence",63451529
"764","Indignation",61675
"765","Indivisible",310797
"766","Inferno",72867292
"767","Ingrid Bergman: In Her Own Words",5118
"768","Inimi Cicatrizate (Scarred Hearts)",13675
"769","Innocence of Memories",59171
"770","Innsaei - The Sea Within",28221
"771","Inside Llewyn Davis",24930
"772","Instalatér z Tuchlovic",483687
"773","Into the Inferno",3679
"774","Iona",72241
"775","Ip Man 3",774384
"776","Iqbal, l'enfant qui n'avait pas peur",56101
"777","Iraivi",12211
"778","Iris",950542
"779","Irreplaceable (Médecin de campagne)",13555323
"780","Irréprochable",1065961
"781","Iru Mugan",59146
"782","It's Only the End of the World (Juste la fin du monde)",8423904
"783","It Follows",709606
"784","Ivan's Childhood (2016 re-release)",14918
"785","Ivan the Terrible, Part II (2016 re-issue)",1655
"786","Ivan Tsarevich i Seryy Volk 3",258866
"787","Ixcanul",9418
"788","Jab Tak Hai Jaan",8690
"789","Jack Reacher: Never Go Back",32521753
"790","Jackson Durai",4963
"791","Jacob's Kingdom in Heaven (Jacobinte Swargarajyam)",65728
"792","Jai Gangaajal",29289
"793","Jak básníci cekají na zázrak",693741
"794","Jak se zbavit nevesty",490138
"795","James Wan Presents Demonic",3926
"796","Janaan",550527
"797","Jane Got a Gun",1277744
"798","Janis: Little Girl Blue",898024
"799","Jason Bourne",77175997
"800","Jaunikis (Zhenih)",96154
"801","Je compte sur vous",22041
"802","Je suis à vous tout de suite",186853
"803","Jem and the Holograms",26213
"804","Jet Trash",616
"805","Jheronimus Bosch, Touched by the Devil",29374
"806","Jil Jung Juk",10064
"807","Jim: The James Foley Story",8236
"808","Jogo de Damas",31259
"809","John From",2031
"810","Johnny Guitar (2016 re-release)",4604
"811","Joséphine s'arrondit",5650834
"812","Jota de Saura (La Jota)",89684
"813","Journal d'une femme de chambre",11173
"814","Journey to the Shore (Kishibe no tabi)",9686
"815","Joy",16244983
"816","Juegos de familia (Family Games)",3018
"817","Juillet août (July-August)",444064
"818","Julie",4051
"819","Julieta",13439288
"820","Jungle Shuffle",58347
"821","Just the 3 of Us",14437
"822","K-Shop",793
"823","Kaashmora",23391
"824","Kabali",485694
"825","Kabr-i Cin: Mühür",85929
"826","Kacis",26
"827","Kaçma Birader",1252169
"828","Kadavul Irukaan Kumaru",1186
"829","Kadere Tutsak",1610
"830","Kadhalum Kadandhu Pogum",24047
"831","Kaguyahime no monogatari (The Tale of Princess Kaguya)",49205
"832","Kahaani 2",128112
"833","Kahlil Gibran's The Prophet",4654
"834","Kahlil Gibran's The Prophet (Gathr)",1402
"835","Kalandar sogugu",58494
"836","Kali",35247
"837","Kammatti Paadam",3891
"838","Kanelia kainaloon, Tatu ja Patu!",3429915
"839","Kanithan",8782
"840","Kapoor & Sons - Since 1921",583952
"841","Kappen!",629439
"842","Kaptaan",29318
"843","Kaptein Sabeltann og skatten i Lama Rama",2273
"844","Karbala",7203
"845","Kardesim Benim",9072024
"846","Karingunnam 6's",3375
"847","Kasap havasi",1870
"848","Kate Plays Christine",1800
"849","Kathakali",8361
"850","Kattappanayile Rithwik Roshan",13845
"851","Kavalai Vendam",6480
"852","Kavi Uddheshichathu..?",646
"853","Keanu",52528
"854","Keep Frozen",668
"855","Keeper",30010
"856","Keeping Up with the Joneses",1773881
"857","Khoroshiy malchik (The Good Boy)",14547
"858","Ki and Ka",190186
"859","Kickboxer: Vengeance",1469
"860","Kids in Love",2553
"861","Kiki's Delivery Service (2015 re-release)",10266
"862","Kiki, el amor se hace",7259048
"863","Kill Command",1356
"864","King Jack",8801
"865","King Liar",18144
"866","King of the Belgians",4417
"867","Kings' Shift (Karaliu pamaina)",2077
"868","Kingsglaive: Final Fantasy XV",142841
"869","Kizkaçiran",62960
"870","Knielen op een bed violen (In My Father's Garden)",1941580
"871","Knight of Cups",84829
"872","Kobiety bez wstydu",20573
"873","Koblic",445959
"874","Kocan Kadar Konus: Dirilis",6155274
"875","Kodi",41707
"876","Kollektor (Collector)",19619
"877","Kolpaçino 3. Devre",5902752
"878","Kongens Nei (The King's Choice)",9143517
"879","Kor",51505
"880","Korku Komedi: Bana Normal Aktiviteler",85332
"881","Kostebekgiller 2: Golgenin Tilsimi",830678
"882","Kötü Kedi Serafettin (Bad Cat)",1592506
"883","Krigen (A War)",109480
"884","Kubo and the Two Strings",11267342
"885","Küçük Esnaf",3140566
"886","Kümes",3541
"887","Kung Fu Panda 3",79876859
"888","Kút (Well)",34033
"889","Kyaa Kool Hai Hum 3",27969
"890","L'abbiamo fatta grossa",8335944
"891","L'avenir (Things To Come)",3632649
"892","L'économie du couple (After Love)",1319532
"893","L'effet aquatique (The Aquatic Effect)",1879961
"894","L'étudiante et Monsieur Henri",2283929
"895","L'hermine (Courted)",844170
"896","L'histoire de l'amour (The History of Love)",382687
"897","L'idéal (The Ideal)",1226268
"898","L'ombre des femmes (In the Shadow of Women)",56475
"899","L'origine de la violence (The Origin of Violence)",427073
"900","L'outsider (Team Spirit)",1966165
"901","L.O.R.D: Legend of Ravaging Dynasties (Jue ji)",63636
"902","La academia de las musas",81277
"903","La Belle Saison",103003
"904","La cena di Natale",2236363
"905","La chambre bleue",8581
"906","La Coppia dei Campioni",452078
"907","La corona partida",901435
"908","La corrispondenza",3693504
"909","La danseuse (The Dancer)",1609586
"910","La decisión de Julia",5311
"911","La Dream Team",1257995
"912","La fille de Brest",2726518
"913","La fille du patron",126647
"914","La fille inconnue (The Unknown Girl)",1836583
"915","La fine équipe",83738
"916","La folle histoire de Max et Léon",8739076
"917","La guerre des tuques (Snowtime!)",2208690
"918","La historia de Jan",26858
"919","La isla del viento",8675
"920","La isla mínima",17733
"921","La jeune fille sans mains (The Girl without Hands)",99233
"922","La La Land",5198159
"923","La loi de la jungle",667962
"924","La loi du marche",149703
"925","La macchinazione",94056
"926","La madre",2259
"927","La madriguera (The Writer's Burrow)",5981
"928","La memoria del agua",22163
"929","La mort de Louis XIV",138056
"930","La noche que mi madre mató a mi padre",653277
"931","La nouvelle vie de Paul Sneijder (The New Life of Paul Sneijder)",953024
"932","La passion d'Augustine",48652
"933","La pazza gioia (Like Crazy)",7881760
"934","La pelle dell'orso",98890
"935","La pièce",195982
"936","La propera pell (The Next Skin)",123082
"937","La prunelle de mes yeux (The Apple of My Eye)",21724
"938","La puerta abierta",88401
"939","La punta del iceberg",272262
"940","La reconquista",34595
"941","La reina de España",1123252
"942","La ritournelle",133694
"943","La saison des femmes (Parched)",1346557
"944","La taularde",1263389
"945","La tête haute",8197
"946","La tortue rouge (The Red Turtle)",2825151
"947","La tour 2 contrôle infernale",2351182
"948","La vache (One Man and His Cow)",7369525
"949","La verità sta in cielo",1282273
"950","La vita possibile",340171
"951","Lahore Se Aagey",20979
"952","Lakeeran",1284
"953","Lamb",16297
"954","Lanet: Uyanis",20228
"955","Lanetli Anahtar",122295
"956","Las furias",102428
"957","Las mil y una noches: Vol.1, El inquieto",17553
"958","Last Hijack",2113
"959","Late Summer",8487
"960","Layla M.",266010
"961","Lazar",1276
"962","Lazer Team",220112
"963","Le ciel attendra (Heaven Will Wait)",1955084
"964","Le coeur en braille",803890
"965","Le confessioni",1634419
"966","Le convoi",913048
"967","Le correspondant",426608
"968","Le dernier diamant",4487
"969","Le fantôme de Canterville (The Canterville Ghost)",1918805
"970","Le gang des Antillais",106526
"971","Le goût des merveilles (The Sense of Wonder)",3390906
"972","Le grand jour",52259
"973","Le grand partage",199757
"974","Le Mepris (2016 re-release)",16158
"975","Le nouveau (The New Kid)",75967
"976","Le petit locataire (A Bun in the Oven)",1216291
"977","Le tout nouveau testament",402467
"978","Le voyage au Groenland (Journey to Greenland)",235055
"979","Le voyage de Fanny (Fanny's Journey)",691621
"980","Lea",64194
"981","League of Gods",25535
"982","Learning to Drive",45596
"983","Leblebi Tozu",37330
"984","Ledokol",43388
"985","Lee Scratch Perry's Vision Of Paradise",8068
"986","Legend",3136899
"987","Lejos del mar (Far from the Sea)",70126
"988","Les amigues de l'Àgata",15803
"989","Les anarchistes",2349
"990","Les beaux jours d'Aranjuez",18501
"991","Les chevaliers blancs (The White Knights)",1137260
"992","Les combattants (Fighters)",4949
"993","Les Cowboys",46403
"994","Les deux amis (Two Friends)",2536
"995","Les enfants de la chance",133083
"996","Les habitants",491710
"997","Les innocentes",5362426
"998","Les malheurs de Sophie (Sophie's Misfortunes)",3866954
"999","Les Mille Et Une Nuits, Vol 2, Le Desole",2871
"1000","Les naufragés",602788
"1001","Les nouvelles aventures d'Aladin",41795
"1002","Les ogres",35600
"1003","Les pépites",998059
"1004","Les premiers, les derniers",308276
"1005","Les profs",18240
"1006","Les profs 2",16001
"1007","Les saisons (Seasons)",6724483
"1008","Les souvenirs",144738
"1009","Les têtes de l'emploi",3444421
"1010","Les Tuche 2",35120461
"1011","Les vacances de Monsieur Hulot (Mr. Hulot's Holiday) [2015 re-release]",13426
"1012","Les Visiteurs 3: la Terreur (The Visitors: Bastille Day)",17770971
"1013","Lichozrouti (The Oddsockeaters)",1354934
"1014","Lída Baarová (Devil's Mistress)",2480082
"1015","Life, Animated",51065
"1016","Light Years",2555
"1017","Lights Out",24508716
"1018","Lily Lane",5208
"1019","Line Walker",1735
"1020","Lion",4491870
"1021","Lisbon Revisited",1108
"1022","Little Men",1157573
"1023","Little Wing (Tyttö nimeltä Varpu)",365680
"1024","Liza, the Fox-Fairy",8547
"1025","Lo and Behold, Reveries of the Connected World",145899
"1026","Lo chiamavano Jeeg Robot",5713331
"1027","Lobos sucios",128425
"1028","Lock",11605
"1029","Lolo",615552
"1030","London Di Heer",997
"1031","London Has Fallen",37176201
"1032","Look of a Killer",882291
"1033","Loro chi?",717
"1034","Los Feliz",988
"1035","Losers",93755
"1036","Lost in Karastan",1641
"1037","Louder Than Bombs",249335
"1038","Louis & Luca - The Big Cheese Race",383097
"1039","Louise en hiver",344820
"1040","Love",119721
"1041","Love & Friendship",4742720
"1042","Love (Kochaj!)",35389
"1043","Love and Fury (Syysprinssi)",139896
"1044","Love is Strange",27275
"1045","Love Me Tomorrow",8147
"1046","Love Punjab",48427
"1047","Love Records",112569
"1048","Løvekvinnen",453276
"1049","Lucie: The Story of a Rock Band",42748
"1050","LUCK-KEY",9494
"1051","Luokkakokous 2: Polttarit (Reunion 2)",3664336
"1052","Luz de Soledad",61146
"1053","M.S. Dhoni: The Untold Story",236604
"1054","Ma' Rosa",84810
"1055","Ma famille t'adore déjà",3947091
"1056","Ma Loute (Slack Bay)",4367302
"1057","Ma ma",187820
"1058","Ma vie de Courgette (My Life as a Courgette)",5238965
"1059","Maalik",10121
"1060","Macadam Stories (Asphalte)",768531
"1061","Macbeth",1989304
"1062","Madaari",20528
"1063","Madame Bovary",108333
"1064","Made in Italy: Ciao Brother",774653
"1065","Mafia Uccide Solo D'estate",1047
"1066","Mafia: Survival Game",42965
"1067","Magallanes",618164
"1068","Maggie",72133
"1069","Maggie's Plan",1624124
"1070","Magi",810229
"1071","Magnus",92795
"1072","Maheshinte Prathikaaram",22361
"1073","Maikäfer flieg",210865
"1074","Main Teri Tu Mera",11956
"1075","Mal de pierres (From the Land of the Moon)",4605750
"1076","Malú: ni un paso atrás",18918
"1077","Maman a tort",232289
"1078","Mammal",10107
"1079","Man with a Movie Camera (2016 re-issue)",3148
"1080","Manchester by the Sea",2826029
"1081","Manglehorn",12394
"1082","Manithan",10285
"1083","Mannen fra Snåsa",1981888
"1084","Manzel na hodinu",482099
"1085","Mapplethorpe: Look at the Pictures",33196
"1086","Marauders",157004
"1087","Maraviglioso Boccaccio",4206
"1088","Marguerite",462356
"1089","Marguerite et Julien",23802
"1090","María (y los demás)",92508
"1091","Marie Heurtin",4028
"1092","Marseille",4065486
"1093","Martyrs",21110
"1094","Marubhoomiyile Aana",348
"1095","Marudhu",7514
"1096","Masaan",112675
"1097","Masal",3099
"1098","Masaryk",18336
"1099","Masha and the Bear: The Funniest Episodes",2307
"1100","Masha e orso - Nuovi amici",419205
"1101","Masterminds",4905389
"1102","Mastizaade",25180
"1103","Mattress Men",4098
"1104","Mavi bisiklet (Blue Bicycle)",10850
"1105","Mavis!",11970
"1106","MAX Atlantos 2",12717
"1107","Max Steel",52212
"1108","May in the Summer",91250
"1109","Me Before You",58335359
"1110","Mechanic: Resurrection",19967110
"1111","Med hjertet i dansen",21590
"1112","Mediterranea",24316
"1113","Mees Kees langs de lijn",2423204
"1114","Meester Kikker",848718
"1115","MeesterSpion",732898
"1116","Mel-Un",32098
"1117","Memleket",1917
"1118","Men & Chicken",170585
"1119","Meñique y el espejo mágico",1359
"1120","Mercenaire",82933
"1121","Merci patron!",3770006
"1122","Mi gran noche (My Great Night)",1266
"1123","Mi rifaccio il trullo",113361
"1124","Mia madre",195000
"1125","Miami Beach",877095
"1126","Michael Buble - Tour Stop 148",188238
"1127","Michael Collins (2016 re-release)",43244
"1128","Middle School: The Worst Years of My Life",110900
"1129","Midnight Special",1451914
"1130","Miekkailija (The Fencer)",180401
"1131","Migas de pan",12553
"1132","Mike and Dave Need Wedding Dates",12767277
"1133","Miles Ahead",384685
"1134","Milionari",79088
"1135","Mimosas",53617
"1136","Min Lilla Syster",29923
"1137","Mine",1702575
"1138","Ming of Harlem",287
"1139","Minte-ma frumos în Centrul Vechi",22307
"1140","Minuscule - La vallée des fourmis perdues (Minuscule, Valley of the Lost Ants)",140673
"1141","Minuscule: Valley of the Lost Ants",142821
"1142","Miracles from Heaven",875798
"1143","Miruthan",21372
"1144","Mirzya",20152
"1145","Misafir",1890
"1146","Misconduct",808678
"1147","Miss Peregrine's Home for Peculiar Children",69350266
"1148","Miss Saigon: 25th Anniversary Performance",2601470
"1149","Miss Sixty",86849
"1150","Miss Violence",1165
"1151","Miss You Already",965191
"1152","Mission Milano (Wang pai dou wang pai)",2961
"1153","Mississippi Grind",252693
"1154","Mister Felicità",10739752
"1155","Mistress America",145465
"1156","Moana",114885047
"1157","Modern Times (2016 re-release)",1799
"1158","Mohenjo Daro",239438
"1159","Mojave",349
"1160","Moka",1347232
"1161","Molly Moon and the Incredible Book of Hypnotism",1018
"1162","Mom and Me",3816
"1163","Momentum",31986
"1164","Mon maître d'école",227808
"1165","Mon roi (My King)",501893
"1166","Money Monster",24972689
"1167","Monkey",49140
"1168","Monsieur Bout-de-Bois",1378503
"1169","Monster Hunt",1138689
"1170","Monster Trucks",5084441
"1171","Moonwalkers",38954
"1172","Morgan",1520818
"1173","Morran & Tobias - Som en skänk från ovan",42795
"1174","Mortadelo y Filemón contra Jimmy el Cachondo",193381
"1175","Mortadelo y Filemón. Misión: Salvar la Tierra",37278
"1176","Moscow Never Sleeps",6991
"1177","Mot naturen (Out of Nature)",7131
"1178","Mother's Day",6680202
"1179","Motley's Law",739
"1180","Motor Mitraan Di",11501
"1181","Mountains May Depart",664547
"1182","Moya Babusia Fani Kaplan",20116
"1183","Mr. Gaga",491623
"1184","Mr. Holmes",399507
"1185","Mr. Right",221628
"1186","MSG the Warrior: Lion Heart",1798
"1187","Much Loved",18383
"1188","Mudar de Vida, José Mario Branco, vida e obra",7035
"1189","Muhammad: The Messenger of God",1440044
"1190","Mum's List",85873
"1191","Muna",3979
"1192","Mustang",1985009
"1193","Muzikál aneb Cesty ke stestí",59961
"1194","My Bakery in Brooklyn",795363
"1195","My Best Friend's Wedding",12332
"1196","My Big Fat Greek Wedding 2",12100628
"1197","My Father Jack",232616
"1198","My Name Is Emily",14177
"1199","My Scientology Movie",1519175
"1200","My Talk with Florence",1961
"1201","Mykyta kozhumyaka (The Dragon Spell)",429578
"1202","Na Via Láctea (On the Milky Road)",58996
"1203","Naam Hai Akira",60361
"1204","Nacida para ganar (Born to Win)",250847
"1205","Naciye",4904
"1206","Nahid",84712
"1207","Naked Beauty",2813
"1208","Nannaku Prematho",1003
"1209","Não Pare na Pista: A Melhor História de Paulo Coelho",992
"1210","Napoleon (2016 Re-release)",39448
"1211","Nasil Yani",16776
"1212","Nasty Baby",972
"1213","Natale a Londra: Dio Salvi la Regina",4551751
"1214","Neerja",153334
"1215","Neighbors 2: Sorority Rising",30261542
"1216","Nemici per la pelle",818549
"1217","Neruda",534559
"1218","Nerve",22163086
"1219","Never Gone",2344
"1220","Newcomer",732596
"1221","Next to Her",1575
"1222","Nich Sviatogo Valentyna",39844
"1223","Nichts passiert",160683
"1224","Nika",43259
"1225","Nikdy nejsme sami (We are Never Alone)",10052
"1226","Nine Days of One Year (9 dney odnogo goda) [2016 re-release]",630
"1227","Nine Lives",8136765
"1228","Ninguém Quer a Noite (Endless Night)",11886
"1229","Njósnir, lygar og fjölskyldubönd (Spies, Lies and Family Ties)",11059
"1230","No culpes al karma de lo que te pasa por gilipollas",2236857
"1231","Noble",4388
"1232","Nocno zivljenje (Nightlife)",8462
"1233","Nocturama",290256
"1234","Nocturnal Animals",10298147
"1235","Noite de Amadores (Amateur Night)",62933
"1236","Non c'è più religione",3770594
"1237","Non si ruba a casa dei ladri",2359147
"1238","Norm of the North",7928737
"1239","Nostalghia (2016 re-release)",14255
"1240","Nostalgia de la luz (Nostalgia for the Light)",8824
"1241","Notes on Blindness",104214
"1242","Notfilm",2241
"1243","Nous trois ou rien (All Three of Us)",223079
"1244","Now You See Me 2",50725746
"1245","Nuestros amantes (Our Lovers)",468926
"1246","Nuo Lietuvos nepabegsi (You Can't Escape Lithuania)",2464
"1247","O Amor é Lindo ... Porque Sim!",165854
"1248","O Cinema, Manoel de Oliveira e Eu",2095
"1249","O Menino e o Mundo",5315
"1250","O Ornitólogo (The Ornithologist)",19477
"1251","O, ne! O, taip!",462293
"1252","Oasis: Supersonic",1012728
"1253","Ocho apellidos catalanes",12983
"1254","Odd Job (Un petit boulot)",2942844
"1255","Oddball",34584
"1256","Odnoklassnitsy",61887
"1257","Of Mind and Music",25249
"1258","Off-Key",952860
"1259","Off the Map",1280130
"1260","Office Christmas Party",17876844
"1261","Oflu Hoca'nin Sifresi 2",1339502
"1262","Oglan Bizim Kiz Bizim",27238
"1263","Oh, quina joia!",2847
"1264","Okhwan",924
"1265","Olaylar Olaylar",47240
"1266","Oldu mu simdi?",13250
"1267","Olmo e a Gaivota (Olmo & the Seagull)",1814
"1268","Omega",28845
"1269","Omoide no Marnie",289549
"1270","On Air: Storia di un Successo",421624
"1271","Once Upon a Time in Amritsar",3701
"1272","Once Upon a Time in the West (2016 Reissue)",55208
"1273","Onda su onda",659523
"1274","One More Time with Feeling",562054
"1275","One Piece Film Gold",634092
"1276","Only Yesterday (2016 re-release)",31825
"1277","Onze Jongens",2951015
"1278","Ooops! Noah Is Gone",114920
"1279","Oopiri",7124
"1280","Oorlogsgeheimen",23565
"1281","Oozham",624
"1282","Open Season: Scared Silly",593479
"1283","Operasjon Arktis",11130
"1284","Oppam",58839
"1285","Orizont",9533
"1286","Orthodox",4077
"1287","Oru Muthassi Gadha",2560
"1288","Os Dez Mandamentos (Ten Commandments)",150159
"1289","Osman Pazarlama",9352939
"1290","Ostatnia Rodzina",45172
"1291","Ostravak Ostravski",87687
"1292","Ot",2026
"1293","Ouija",97045
"1294","Ouija: Origin of Evil",16060503
"1295","Our Brand Is Crisis",68560
"1296","Our Kind of Traitor",4563090
"1297","Our Last Tango (Un tango más)",317554
"1298","Our Little Sister",598171
"1299","Out of Love",24456
"1300","Outcast",774
"1301","Ozzy",2559445
"1302","Paavada",24985
"1303","Pakeliui I amzinybe",4056
"1304","Palmeras en la nieve (Palm Trees in the Snow)",3686
"1305","Pamuk Prens",40002
"1306","Panama",5038
"1307","Pandorica",228
"1308","Papa ou maman 2",9724864
"1309","Papeles en el viento",5643
"1310","Paper Planes",20559
"1311","Papusza",1642
"1312","Parasol",24171
"1313","Paris-Willouby",371612
"1314","Partisan",7398
"1315","Pas son genre",133095
"1316","Passengers",49920667
"1317","Passo falso",19585
"1318","Pat a Mat ve filmu",436965
"1319","Paterson",4805138
"1320","Patriotai",290907
"1321","Pattaya",14156015
"1322","Paula",269934
"1323","PAW Patrol",303032
"1324","Pawn Sacrifice",420384
"1325","Pay the Ghost",101281
"1326","Pele: Birth of a Legend",2199265
"1327","Pelo malo",3456
"1328","Peppa Pig in giro per il mondo",318674
"1329","Peppa Pig: The Golden Boots",558087
"1330","Père fils thérapie!",1453270
"1331","Perfetti sconosciuti",20252466
"1332","Pericle il nero",167439
"1333","Personal Shopper",465541
"1334","Pete's Dragon",27895041
"1335","Pettersson und Findus 2 - Das schönste Weihnachten überhaupt",4849985
"1336","Peur de rien (Parisienne)",124504
"1337","Phantom Boy",4446
"1338","Pink",46611
"1339","Pirko (Little Feather)",121142
"1340","Pitbull. Niebezpieczne Kobiety",971576
"1341","Pitbull. Nowe porzadki",688336
"1342","Piuma",341602
"1343","Pixi Post y los genios de Navidad",18292
"1344","Pixies",24680
"1345","Planeta singli",494325
"1346","Planetarium",470145
"1347","Poesía sin fin (Endless Poetry)",268606
"1348","Pohádky pro Emu",454580
"1349","Point Break",15535015
"1350","Pojdi Z Mano",46664
"1351","Pojdi z menoj",15793
"1352","Pokkiri Raja",11794
"1353","Polednice (The Noonday Witch)",341202
"1354","Polina, danser sa vie",697876
"1355","Política, manual de instrucciones",91832
"1356","Pooh - L'Ultimo Concerto",463660
"1357","Poor Cow (2016 re-release)",15709
"1358","Popstar: Never Stop Never Stopping",40904
"1359","Poveda",203462
"1360","Poveri ma Ricchi",7272904
"1361","Power To Change: Die EnergieRebellion",37615
"1362","Pr' Hostar",1132681
"1363","Prazdniny v Provence",534252
"1364","Precious Cargo",96401
"1365","Préjudice",79481
"1366","Premam",1046
"1367","Pretham",2804
"1368","Pride and Prejudice and Zombies",2159625
"1369","Prima di lunedi",579732
"1370","Problemski Hotel",51940
"1371","Prooi (Prey)",231548
"1372","Psi brezcasja (Case: Osterberg)",1856
"1373","Pulimurugan",115211
"1374","Purple Rain (2016 re-release)",854
"1375","Puthiya Niyamam",3735
"1376","Pyromanen",431768
"1377","Quackerz",215617
"1378","Qualcosa di nuovo",2255165
"1379","Quand on a 17 ans",1903597
"1380","Quatretondeta",27990
"1381","Quatro",750
"1382","Que Dios nos perdone",1448478
"1383","Queen and Country",2152
"1384","Queen of Earth",3965
"1385","Queen of Katwe",383290
"1386","Queen of the Desert",171967
"1387","Quel bravo ragazzo",1365822
"1388","Quella peste di Sophie",124864
"1389","Questi giorni",248337
"1390","Quo vado?",72725471
"1391","Rabbi Wolff",22755
"1392","Race",4728977
"1393","Rachanda (Crazy Kingdom)",806540
"1394","Radin!",20975285
"1395","Rajini Murugan",94022
"1396","Rak ti Khon Kaen",7830
"1397","Raman Raghav 2.0",6371
"1398","Ran (2016 re-issue)",18692
"1399","Ransacked",7991
"1400","Rasgar o Passado",480
"1401","Ratchet & Clank",2846002
"1402","Ratter (Webcam)",21214
"1403","Rauf",2742
"1404","Raven the Little Rascal - The Big Race",5149
"1405","Reality",2237
"1406","Refrigerantes e Canções de Amor",63258
"1407","Regression",90362
"1408","Rekka",282
"1409","Relève: Histoire d'une création",68887
"1410","Remainder",44898
"1411","Remember",783082
"1412","Remo",105441
"1413","Renesse",506588
"1414","Réparer les vivants (Heal the Living)",2162768
"1415","Retour à Ithaque (Return to Ithaca)",12094
"1416","Rettet Raffi!",9638
"1417","Return of the Don",21781
"1418","Reverso",4569
"1419","Revolution: New Art for a New World",19103
"1420","Reykjavík",17250
"1421","Ribbit",40801
"1422","Richard III (BFI Presents - 2016 re-issue)",68272
"1423","Richard Linklater: Dream is Destiny",4641
"1424","Richard Müller: Nespoznany",22117
"1425","Ricky Rapper and the Nighthawk (Risto Räppääjä ja yöhaukka)",3482563
"1426","Ride",6489
"1427","Ride Along 2",17001334
"1428","Right Now, Wrong Then",106463
"1429","Riphagen",270181
"1430","Risen",3023381
"1431","Robbi, Tobbi und das Fliewatüüt",303410
"1432","Robinson Crusoe",16300948
"1433","Robot Overlords",9896
"1434","Rock Dog",535264
"1435","Rock On 2",34556
"1436","Rock The Kasbah",138892
"1437","Rocky Handsome",44359
"1438","Rodencia y el Diente de la Princesa",5391
"1439","Rogue One: A Star Wars Story",232155771
"1440","Rokjesdag",3703315
"1441","Rolli and the Secret Route (Rölli ja kaikkien aikojen salaisuus)",993655
"1442","Romeo & Juliet from San Francisco Ballet 2015 (Ballet)",3893
"1443","Romeo and Juliet (1968) [2016 re-release]",6292
"1444","Room",10890743
"1445","Rosalie Blum",2700897
"1446","Rosemari",247269
"1447","Rotas",1656
"1448","Rudý kapitán",583335
"1449","Rumbos",321065
"1450","Rúnturinn I",214
"1451","Rupture",995
"1452","Rus'un Oyunu",18340
"1453","Rustom",148974
"1454","Rüzgarda Salinan Nilüfer (The Swaying Waterlily)",20983
"1455","Sa Ock Pa Jorden",93316
"1456","Saadey CM Saab",17489
"1457","Saala Khadoos",16936
"1458","SACA - o filme de Tiago Pires",2767
"1459","Sadakat",4425
"1460","Sadilishteto (The Judgment)",448
"1461","Safakla Donenler",102348
"1462","Saftirikler",6376
"1463","Saint Amour",3253745
"1464","Saithan",9890
"1465","Sanam Teri Kasam",45615
"1466","Sangailes vasara",6284
"1467","Sant Te Sipahi",1284
"1468","Sarbjit",49866
"1469","Sardaarji 2",83016
"1470","Sardar Gabbar Singh",218
"1471","Sarrainodu",239
"1472","Sausage Party",24510800
"1473","Savva. Heart of the Warrior",137673
"1474","Schellen-Ursli",8254
"1475","Schone Handen (Clean Hands)",352
"1476","Schweinskopf al Dente",2571219
"1477","Se Dio Vuole",1208294
"1478","Se mi lasci non vale",2479399
"1479","Secuestro",992626
"1480","Sekerat Son",15412
"1481","Selfie 69",664351
"1482","SelfieParty",179458
"1483","Sen Benim HerSeyimsin",1085674
"1484","Sen Sag Ben Selamet",464824
"1485","Senarist",3845
"1486","Seneca's Day (Senekos Diena)",21121
"1487","Seni Seven Ölsün",163629
"1488","Senso '45",1067
"1489","Sethupathi",12617
"1490","Sevdam Gözlerinde Kaldi",40447
"1491","Sevkat Yerimdar 2",225471
"1492","Seytan Papuçta",3562
"1493","Seytan Tüyü",179842
"1494","Seytanin Çocuklari-El Ebyaz",3893
"1495","Sezn@mka",695554
"1496","Shakespeare Live!",361491
"1497","Sheep & Wolves (Volki i ovtsy. Beeezumnoe prevrashchenie)",878588
"1498","Sherlock: The Abominable Bride",330207
"1499","Shivaay",114400
"1500","Shut In",1364387
"1501","Siberiade (2016 re-release)",1753
"1502","Siccin 3: Cürmü Ask",963763
"1503","Sicixia",60526
"1504","Sid & Nancy (30th Anniversary)",24184
"1505","Sieranevada",161183
"1506","Sin Hijos",196643
"1507","Sinbad: Pirates of the Seven Storms",30727
"1508","Sing",64395582
"1509","Sing Street",3586382
"1510","Sisters",2461581
"1511","Siv sover vilse (Siv Sleeps Astray)",7379
"1512","Siyah karga",4307
"1513","Skammerens datter (The Shamer's Daughter)",36732
"1514","Skiptrace",847555
"1515","Skjærgården",10895
"1516","Sky Ladder",219
"1517","Sleeping with Other People",34827
"1518","Sloboda pod nákladom",38852
"1519","Sluga naroda",877278
"1520","Slugi Boze",22881
"1521","Smetto quando voglio",2332
"1522","SMS für Dich",5828223
"1523","Sneekweek",597149
"1524","Snekker Andersen og Julenissen",5335195
"1525","Snowden",10999606
"1526","Sokak Köpekleri Bal ile Betty",1275
"1527","Sol Serit",30309
"1528","Solace",721597
"1529","Solaris (Solyaris) [2016 re-issue]",11494
"1530","Some Like It Hot",883
"1531","Someone to Talk To (Yi ju ding yi wan ju)",1592
"1532","Somuncu Baba: Askin Sirri",566636
"1533","Son of Joseph",4225
"1534","Son of Saul",1781216
"1535","Song of the Sea",24029
"1536","Song One",293
"1537","Sonita",17168
"1538","Soof 2",7791211
"1539","Soul Exodus",8770
"1540","Sour Grapes",12505
"1541","Sous les jupes des filles",6550
"1542","Southpaw",94927
"1543","Southside with You",307928
"1544","Souvenir",269753
"1545","Soy Nero",56551
"1546","Spain in a Day",12989
"1547","Speed Sisters",21931
"1548","Spirited Away (2016 re-release)",5936
"1549","SPL 2: A Time for Consequences",9274
"1550","Spooks: The Greater Good",21513
"1551","Spotlight",24676916
"1552","Stalker (2016 re-issue)",27475
"1553","Stanko",1479
"1554","Star Trek Beyond",56480484
"1555","Starfish",39012
"1556","Status: Svoboden (Status: Free)",72820
"1557","Staying Vertical",443080
"1558","Stefan Zweig: Farewell to Europe",640893
"1559","Steve Jobs",4014606
"1560","Steve McQueen: The Man & Le Mans",4157
"1561","Still Loved",7835
"1562","Stonewall",62980
"1563","Storks",32042463
"1564","Strange Occurrences in a Small Irish Village",9173
"1565","Strangerland",3363
"1566","Strangled (A martfüi rém)",189388
"1567","Strasidla (The Spooks)",425292
"1568","Streetdance Family",148
"1569","Strike a Pose",102610
"1570","Suburra",138474
"1571","Südafrika: Der Kinofilm",311092
"1572","Suddenly Seventeen",2147
"1573","Suffragette",3973928
"1574","Suicide Squad",138321035
"1575","Suite Francaise",83070
"1576","Sully",35399709
"1577","Sultan",1529134
"1578","Summertime",1782344
"1579","Sune i fjällen",6982
"1580","Sunset Song",274325
"1581","Supervention 2",489573
"1582","Supilinna Salaselts",45433
"1583","Sur quel pied danser",32626
"1584","Survivor",12745
"1585","Svarta Gengio",1622
"1586","Swallows and Amazons",3898580
"1587","Swiss Army Man",197924
"1588","Szkola uwodzenia Czeslawa M.",948
"1589","Taking Stock",837
"1590","Tale of a Lake",1740042
"1591","Tale of Tales",533042
"1592","Tamara",5595545
"1593","Tangerine",1152
"1594","Tanna",15974
"1595","Tarde para la ira (The Fury of a Patient Man)",1300251
"1596","Tarp musy berniuky",1150013
"1597","Taxi 121",28050
"1598","Taxi Driver (2016 Re-Release)",5918
"1599","Taxi Teheran",9823
"1600","Te3n",51208
"1601","Ted 2",134495
"1602","Ted Sieger's Molly Monster - Der Kinofilm",4389
"1603","Teenage Mutant Ninja Turtles: Out of the Shadows",26464426
"1604","Temel Ile Dursun Istanbul'da",9472
"1605","Tempête",107849
"1606","Tenemos que hablar",1505667
"1607","Tenkrat v raji",108858
"1608","Teorie tygra",1836839
"1609","Tere Bin Laden - Dead or Alive",9903
"1610","Tereddüt",49667
"1611","Term Life",59702
"1612","Tetarti 4:45",5415
"1613","Thank You for Bombing",16370
"1614","Tharai Thappattai",11640
"1615","Tharlo",907
"1616","The 11th Grade",408375
"1617","The 33",83465
"1618","The 5th Wave",20036282
"1619","The 7th Dwarf",50269
"1620","The 9th Life of Louis Drax",93638
"1621","The Accountant",21816916
"1622","The Angry Birds Movie",66842648
"1623","The Assassin",310589
"1624","The Autopsy of Jane Doe",36234
"1625","The Beatles: Eight Days a Week - The Touring Years",3991524
"1626","The Benefactor",6490
"1627","The BFG",67111202
"1628","The Big Short",23024575
"1629","The Birth of a Nation",279117
"1630","The Black Hen",6771
"1631","The Boss",6852450
"1632","The Boy",13594222
"1633","The Boy and the Beast",358833
"1634","The Brothers Grimsby",13622385
"1635","The Call Up",125077
"1636","The Canal",5528
"1637","The Carer",92099
"1638","The Childhood of a Leader",218805
"1639","The Choice",2239924
"1640","The Chronicles of Melanie (Melanijas hronika)",5527
"1641","The Cobbler",381355
"1642","The Colony",62
"1643","The Color of Time",199
"1644","The Comedian's Guide to Survival",95
"1645","The Commune (Kollektivet)",921185
"1646","The Confession",24538
"1647","The Conjuring 2",52205859
"1648","The Connection",96226
"1649","The Danish Girl",27635184
"1650","The Darkest Universe",2875
"1651","The Darkness",144719
"1652","The Daughter",169652
"1653","The Diary of a Teenage Girl",10462
"1654","The Disappointments Room",140602
"1655","The Divergent Series: Allegiant",45236310
"1656","The Divide",21639
"1657","The Double Life of Veronique (2016 re-release)",24998
"1658","The Dreamed Ones",327
"1659","The Dressmaker",3413227
"1660","The Duelist (Duelyant)",93031
"1661","The Duke of Burgundy",14222
"1662","The Eagle Huntress",389602
"1663","The Edge of Seventeen",640239
"1664","The End of the Tour",57529
"1665","The Evil That Men Do",4742
"1666","The Faith of Anna Waters",29095
"1667","The Fall",8516
"1668","The Family Fang",312064
"1669","The Farewell Party",2313
"1670","The Finest Hours",2181881
"1671","The First Monday in May",97817
"1672","The Flag",11239
"1673","The Forest",6181821
"1674","The Forger",65987
"1675","The Founder",436339
"1676","The Frog Kingdom 2: Sub-Zero Mission",112620
"1677","The Games Maker",12368
"1678","The Ghosts of Garip",55584
"1679","The Gift",1788381
"1680","The Girl King",45442
"1681","The Girl on the Train",56528615
"1682","The Girl with All the Gifts",1586743
"1683","The Gold Digger (Onnenonkija)",1052730
"1684","The Good Dinosaur",5934488
"1685","The Greasy Strangler",21549
"1686","The Great Gilly Hopkins",40085
"1687","The Great Wall",2378131
"1688","The Green Inferno",38848
"1689","The Guv'nor",948
"1690","The Hallow",129403
"1691","The Handmaiden",2147404
"1692","The Happiest Day in the Life of Olli Mäki",506794
"1693","The Hard Stop",48441
"1694","The Hateful Eight",65103570
"1695","The Hexecutioners",276
"1696","The House (Huset)",164772
"1697","The House on Pine Street",46060
"1698","The Huntsman Winter's War",35572024
"1699","The Incident",2401
"1700","The Infiltrator",3890818
"1701","The Intent",21305
"1702","The Invitation",61908
"1703","The Iron Giant (Signature Edition Re-release)",19920
"1704","The Ivory Game",105
"1705","The Jungle Book",177113563
"1706","The Keeping Room",38793
"1707","The Killing$ of Tony Blair",25318
"1708","The Lady in the Van",1961140
"1709","The Land of the Enlightened",609
"1710","The Last Man on the Moon",1399
"1711","The Legend of Barney Thompson",15385
"1712","The Legend of Tarzan",55850107
"1713","The Lesson",2354
"1714","The Light Between Oceans",4129498
"1715","The Lion King (2016 re-release)",14622
"1716","The Little Prince",11283004
"1717","The Lobster",259007
"1718","The Lovers and the Despot",12014
"1719","The Magical Brush",6686
"1720","The Magnificent Seven",29590412
"1721","The Man Who Fell To Earth (2016 re-release)",61920
"1722","The Man Who Knew Infinity",3553213
"1723","The Measure of a Man",53045
"1724","The Meddler",603302
"1725","The Mermaid",173553
"1726","The Mine (Jättiläinen)",400538
"1727","The Miracle of Tekir",2968
"1728","The Mirror (Zerkalo) [2016 re-issue]",40394
"1729","The Model",41098
"1730","The Monkey King 2 in 3D",18129
"1731","The Music of Strangers",1720
"1732","The Neighbor",268
"1733","The Neon Demon",1679614
"1734","The NeverEnding Story (2016 re-release)",92049
"1735","The Nice Guys",14230917
"1736","The Night Watchman",122073
"1737","The Nightmare Before Christmas (2016 re-release)",201941
"1738","The Nutcracker Sweet",1922
"1739","The Odyssey (L'odyssée)",8627208
"1740","The Ones Below",37973
"1741","The Other Side",94
"1742","The Other Side of the Door",3677561
"1743","The Pass",58755
"1744","The Passing",4449
"1745","The Pills: Sempre meglio che lavorare",560041
"1746","The Price of Desire",4223
"1747","The Program",79443
"1748","The Propaganda Game",5734
"1749","The Prosecutor the Defender the Father and His Son",635
"1750","The Purge: Election Year",21502543
"1751","The Revenant",141027335
"1752","The Rift",5520
"1753","The Rolling Stones Havana Moon",183947
"1754","The Runner",1232
"1755","The Sacrifice (Offret) [2016 re-issue]",25473
"1756","The Salesman",1955024
"1757","The Sea of Trees",811560
"1758","The Second Mother",10491
"1759","The Secret in their Eyes",1238669
"1760","The Secret Life of Pets",186981158
"1761","The Seventh Fire",865
"1762","The Shallows",17912479
"1763","The Silent Storm",5260
"1764","The Sky Trembles and the Earth is Afraid and the Two Eyes are Not Brothers",6487
"1765","The Smell of Us",1946
"1766","The Snow Queen 2",321908
"1767","The Snow Queen 3: Fire and Ice",114813
"1768","The Stanford Prison Experiment",2553
"1769","The Super Parental Guardians",13862
"1770","The Survivalist",56971
"1771","The Taming of the Shrew - Bolshoi 2016 (Ballet)",228755
"1772","The Teacher (Ucitelka)",527509
"1773","The Third Party",10323
"1774","The Treasure",18194
"1775","The Tribe",2293
"1776","The Trip to Italy",43766
"1777","The True Cost",5284
"1778","The Trust",35902
"1779","The Truth Commissioner",2464
"1780","The Tunnel",11601
"1781","The Unmarried Wife",16526
"1782","The Vatican Tapes",798929
"1783","The Violators",1848
"1784","The Visit: An Alien Encounter",997
"1785","The Wailing (Goksung)",283326
"1786","The Wait (L'attesa)",155394
"1787","The Weekend Movie",5976
"1788","The Whole Truth",154211
"1789","The Witch",5941916
"1790","The Wolfpack",7091
"1791","The Woman of My Life",2963
"1792","The World of Us (U-ri-deul)",1901
"1793","The Young Messiah",30171
"1794","The Young Offenders",3786
"1795","The Zero Theorem",58144
"1796","Theeb",15356
"1797","Théo et Hugo dans le même bateau (Paris 05:59)",48227
"1798","Theri (The Spark)",424761
"1799","Thirst (Jajda)",11715
"1800","This Beautiful Fantastic",1984
"1801","This Time",13620
"1802","Thodari",8414
"1803","Thomas & Friends: The Great Race",393396
"1804","Thoppil Joppan",2483
"1805","Þrestir (Sparrows)",94253
"1806","Through the Wall",10547
"1807","Ti guardo (From Afar)",118461
"1808","Tickled",33489
"1809","Time Out of Mind",67252
"1810","Tini: El gran cambio de Violetta",6921110
"1811","Tiramisù",2299588
"1812","Tiszta Szívvel",24694
"1813","Tjuvheder",123681
"1814","Tokyo Fiancée",41567
"1815","Tommaso",350367
"1816","Tonari no Totoro (My Neighbor Totoro) [2015 re-issue]",56293
"1817","Toni Erdmann",8480884
"1818","Tonio",1127097
"1819","Toro",1940514
"1820","Tour de France",425144
"1821","Tout de suite maintenant",1251878
"1822","Tout en haut du monde (Long Way North)",12900
"1823","Tout pour être heureux (Dad in Training)",2528610
"1824","Tout schuss",3609698
"1825","Tout, tout de suite",63970
"1826","Tra la terra e il cielo",126199
"1827","Trabantem do posledního dechu",275920
"1828","Trabantem do posledního dychu",25886
"1829","Traders",10696
"1830","Train to Busan",2066748
"1831","Trash Detective",43030
"1832","Triple 9",6522536
"1833","Trois Couleurs: Bleu [2016 re-release]",1617
"1834","Trois souvenirs de ma jeunesse (My Golden Days)",64207
"1835","Trolls",89128247
"1836","Troppo napoletano",1589621
"1837","Troublemakers: The Story of Land Art",9109
"1838","Truman",1255631
"1839","Trumbo",2313714
"1840","Truth",907020
"1841","Tschick",3844923
"1842","Tschiller: Off Duty",2747188
"1843","Tudo",2374
"1844","Tudo Que Aprendemos Juntos (All We Learns Together)",498639
"1845","Tum Bin 2",28719
"1846","Tumbledown",50336
"1847","Türk Lokumu",7870
"1848","Tutak Tutak Tutiya",8498
"1849","Tutmayin Beni",64224
"1850","Two Women",7821
"1851","Üç Harfliler 3: Karabüyü",806813
"1852","Udta Punjab",127883
"1853","Umrika",59817
"1854","Un bacio",502615
"1855","Un Gallo con Muchos Huevos",842483
"1856","Un homme à la hauteur (Up for Love)",6340594
"1857","Un homme idéal",219768
"1858","Un moment d'égarement (One Wild Moment)",246548
"1859","Un Natale al Sud",3020675
"1860","Un paese quasi perfetto",1714707
"1861","Un peu, beaucoup, aveuglément! (Blind Date)",13979
"1862","Un plus une",45313
"1863","Uncle Howard",2204
"1864","Under sandet (Land of Mine)",547668
"1865","Under the Shadow",93215
"1866","Underworld: Blood Wars",5945042
"1867","Une famille à louer",125636
"1868","Une histoire de fou (Don't Tell Me the Boy was Mad)",742
"1869","Une nouvelle amie (The New Girlfriend)",16337
"1870","Une semaine et un jour (One Week and a Day)",60602
"1871","Une vie (A Woman's Life)",674736
"1872","Unfinished Piece for the Player Piano (2016 re-release)",2047
"1873","United States of Love (Zjednoczone stany milosci)",19098
"1874","Uns geht es gut (We are Fine)",3402
"1875","Urban Hymn",1115
"1876","Urge",4060
"1877","USS Indianapolis: Men of Courage",24953
"1878","Ustav Republike Hrvatske (The Constitution)",12954
"1879","Ustica: The Missing Paper",90611
"1880","Uti ao Aka - A Reykspuandi Kadilakk yfir Ameriku",2396
"1881","Vaaliba Raja",5642
"1882","Vacationers (Letovnici)",58749
"1883","Vaisakhi List",17744
"1884","Valiant Rooster (Toto, cocoselul cel viteaz)",1994
"1885","Valley of Love",172953
"1886","Valliyum Thetti Pulliyum Thetti",2911
"1887","Vanishing Time: A Boy Who Returned (Ga-ryeo-jin Si-gan)",406
"1888","Ve Panayir Köyden Gider",12190
"1889","Velainu Vandhutta Vellaikaaran",7253
"1890","Veloce come il vento",2407326
"1891","Vendeur",350965
"1892","Vergine giurata (Sworn Virgin)",667
"1893","Verrückt nach Fixi",499877
"1894","Versus: The Life and Films of Ken Loach",51339
"1895","Vettah",1012
"1896","Viaje",712
"1897","Vicky",469332
"1898","Victor Frankenstein",252081
"1899","Victoria",4819381
"1900","Vientos de la Habana",224540
"1901","Vier gegen die Bank",8558838
"1902","Villaviciosa de al lado",10866560
"1903","Ville-Marie",4432
"1904","Violette",938
"1905","Viral",70542
"1906","Visaranai",1943
"1907","Vita Cuore e Battito",1836942
"1908","Viva",223555
"1909","Voir du pays (The Stopover)",109784
"1910","Vsetko co mam rad (2016 re-release)",779
"1911","Vsio O Muzcynach",15559
"1912","Vulcania",4901
"1913","Wagah",1693
"1914","War [Voyna] (2002)",1887
"1915","War Dogs",20646534
"1916","War on Everyone",557099
"1917","Warcraft",67902124
"1918","Warrior's Gate",6096
"1919","Was bleibt (Home for the Weekend)",713
"1920","Waterboys",211834
"1921","Wazir",119178
"1922","Weekend",63526
"1923","Weiner",39847
"1924","Welcome to Leith",370
"1925","Welcome to Me",2242
"1926","Welcome to Norway",610580
"1927","Where to Invade Next",457871
"1928","Where You're Meant to Be",37100
"1929","Whiskey Tango Foxtrot",212318
"1930","White Island",23638
"1931","Who Gets the Dog?",22303
"1932","Why Him?",13563548
"1933","Wiener-Dog",227019
"1934","Wild",72022
"1935","Wild Goose Lodge",47288
"1936","Wild Oats",119374
"1937","Willkommen bei den Hartmanns",28006968
"1938","Willy 1er",77400
"1939","Wings (2016 re-release)",746
"1940","WiNWiN",7527
"1941","Woezel & Pip Op zoek naar de Sloddervos! (Woozle & Pip the Movie)",1587075
"1942","Wolf Totem",50989
"1943","Worry Dolls",56152
"1944","X-Men: Apocalypse",72818990
"1945","Xenia",2723
"1946","Yarim (The Half)",9384
"1947","Yarn",4925
"1948","Yemekteydik ve karar verdim (We Were Dining and I Decided)",2707
"1949","Yildizlar da Kayar: Das Borak",116241
"1950","Yitik Kuslar (Lost Birds)",45317
"1951","Yoga Hosers",7289
"1952","Yok Artik! 2",539716
"1953","Yola Geldik",31698
"1954","Yolculuk",20973
"1955","Yolki 5",99636
"1956","Yolsuzlar Cetesi",41774
"1957","You've Been Trumped Too",6615
"1958","Your Name (Kimi no na wa.)",1879688
"1959","Youth",2806540
"1960","Z-Storm 2 (S Storm)",1779
"1961","Z for Zachariah",218922
"1962","Zavtrak u papy",9811
"1963","Zemletriasenije (The Earthquake)",65965
"1964","Zeta",749677
"1965","Zhaleika",2438
"1966","Zip and Zap and the Captain's Island",2751812
"1967","Zkáza krásou",161334
"1968","Zlodeji zelených koní",9542
"1969","Zoolander 2",11042682
"1970","Zootopia",159326306
"1971","Zorawar",7914
"1972","Zuzula",11854
"1973","Zvizdan (The High Sun)",294597
